{
  "controller/EmployeeDetails.controller.js": 1621102944584,
  "model/json/Layouts.json": 1622136222685,
  "model/json/Employees.json": 1622136223432,
  "model/json/Countries.json": 1622136224219,
  "manifest.json": 1622139431430,
  "model/models.js": 1620981960146,
  "model/formatter.js": 1620981960142,
  "controller/OrderDetails.controller.js": 1622139276137,
  "controller/MasterEmployee.controller.js": 1621288998221,
  "controller/Main.controller.js": 1622136686988,
  "i18n/i18n.properties": 1621288998225,
  "controller/Base.controller.js": 1621102654542,
  "controller/App.controller.js": 1621101472289,
  "control/Signature.js": 1621288998321,
  "Component.js": 1620506977816,
  "manifest-bundle.zip": 1622139431008,
  "Component-preload.js": 1622139431334,
  "control/Signature-dbg.js": 1621288998321,
  "model/formatter-dbg.js": 1620981960142,
  "controller/OrderDetails-dbg.controller.js": 1622139276137,
  "controller/MasterEmployee-dbg.controller.js": 1621288998221,
  "controller/Main-dbg.controller.js": 1622136686988,
  "controller/EmployeeDetails-dbg.controller.js": 1621102944584,
  "controller/Base-dbg.controller.js": 1621102654542,
  "controller/App-dbg.controller.js": 1621101472289,
  "model/models-dbg.js": 1620981960146,
  "Component-dbg.js": 1620506977816,
  "resources.json": 1622139431433,
  "view/OrderDetails.view.xml": 1622139276149,
  "view/MasterEmployee.view.xml": 1619889836704,
  "view/Main.view.xml": 1620981517036,
  "view/EmployeeDetails.view.xml": 1620836537421,
  "view/App.view.xml": 1620981517036,
  "fragment/TableOrders.fragment.xml": 1620981960146,
  "fragment/TableEmployee.fragment.xml": 1620491502508,
  "fragment/NewIncidence.fragment.xml": 1620833134509,
  "fragment/DialogOrders.fragment.xml": 1620981517052,
  "css/style.css": 1619894524767,
  "index.html": 1621101472285
}